Channel Link,Subscriber Text,Subscriber Count
https://www.youtube.com/@vlogsbymish,1.53K,1530
https://www.youtube.com/@bySreeparna,2.23K,2230
https://www.youtube.com/@AllAboutOrangeCounty,1.82K,1820
https://www.youtube.com/@kaazuyaan,1.3K,1300
https://www.youtube.com/@mCube.Network,5.59K,5590
https://www.youtube.com/@homeownerexperience,2.85K,2850
https://www.youtube.com/@CultureScope-d6c,1.54K,1540
https://www.youtube.com/@Piyuuuuuushh,5.05K,5050
https://www.youtube.com/@PaulandaPack,6.13K,6130
https://www.youtube.com/@khushiexplains01,2.8K,2800
https://www.youtube.com/@Garvmaheshwariii,2.98K,2980
https://www.youtube.com/@sassysunflower,1.55K,1550
https://www.youtube.com/@SHADOWEDIT-Yt,5.13K,5130
https://www.youtube.com/@CollectCallFrom,8.18K,8180
https://www.youtube.com/@AllStarBuzzTV,9.95K,9950
https://www.youtube.com/@BlazeBeats-f1x,2.23K,2230
https://www.youtube.com/@DailyTitanMultimedia,1.12K,1120
https://www.youtube.com/@RAJGAMING-w8z,2.25K,2250
https://www.youtube.com/@LTUpdates1,1.41K,1410
