Channel Link,Facebook,Instagram,Twitter,TikTok,YouTube,LinkedIn,Website,@Usernames
https://www.youtube.com/@instavlogs2022
https://www.youtube.com/@amyslittleadventures3207
https://www.youtube.com/@AckeeTVT
https://www.youtube.com/@TheKrausReport
https://www.youtube.com/@harshitchouhan1
https://www.youtube.com/@exploremoretravelwithus
https://www.youtube.com/@Jkendallphoto
https://www.youtube.com/@THATcouplefromNYC
https://www.youtube.com/@SterlingHappyHikes
https://www.youtube.com/@PodCasterComedy
https://www.youtube.com/@WaywardGPS
https://www.youtube.com/@amyslittleadventures3207
https://www.youtube.com/@artmillworkdesign7761
https://www.youtube.com/@WaywardGPS
https://www.youtube.com/@THATcouplefromNYC
https://www.youtube.com/@BeingJohan
https://www.youtube.com/@10MostPlaces
